{
    "x": 4.560439586639404,
    "y": 1.0274723768234254,
    "z": 0.0
}