{
    "x": 6.785714626312256,
    "y": 3.2252745628356935,
    "z": 0.0
}