{
    "x": -2.0176403522491457,
    "y": 0.07938271760940552,
    "z": 0.0
}