{
    "x": -5.137362480163574,
    "y": 0.5329669117927551,
    "z": 0.0
}