{
    "x": 3.681319236755371,
    "y": 3.1703295707702638,
    "z": 0.0
}