{
    "x": 0.8269022107124329,
    "y": 3.078279972076416,
    "z": 0.0
}