{
    "x": 2.5274722576141359,
    "y": -0.538461446762085,
    "z": 0.0
}